img,cls,name
../database/BMP600/089_5.bmp,089,089_5.bmp
../database/BMP600/031_5.bmp,031,031_5.bmp
../database/BMP600/074_5.bmp,074,074_5.bmp
../database/BMP600/052_6.bmp,052,052_6.bmp
../database/BMP600/017_6.bmp,017,017_6.bmp
../database/BMP600/008_1.bmp,008,008_1.bmp
../database/BMP600/015_4.bmp,015,015_4.bmp
../database/BMP600/050_4.bmp,050,050_4.bmp
../database/BMP600/096_2.bmp,096,096_2.bmp
../database/BMP600/028_4.bmp,028,028_4.bmp
../database/BMP600/013_2.bmp,013,013_2.bmp
../database/BMP600/056_2.bmp,056,056_2.bmp
../database/BMP600/070_1.bmp,070,070_1.bmp
../database/BMP600/035_1.bmp,035,035_1.bmp
../database/BMP600/090_4.bmp,090,090_4.bmp
../database/BMP600/049_5.bmp,049,049_5.bmp
../database/BMP600/037_3.bmp,037,037_3.bmp
../database/BMP600/072_3.bmp,072,072_3.bmp
../database/BMP600/092_6.bmp,092,092_6.bmp
../database/BMP600/037_2.bmp,037,037_2.bmp
../database/BMP600/072_2.bmp,072,072_2.bmp
../database/BMP600/054_1.bmp,054,054_1.bmp
../database/BMP600/011_1.bmp,011,011_1.bmp
../database/BMP600/049_4.bmp,049,049_4.bmp
../database/BMP600/090_5.bmp,090,090_5.bmp
../database/BMP600/013_3.bmp,013,013_3.bmp
../database/BMP600/056_3.bmp,056,056_3.bmp
../database/BMP600/028_5.bmp,028,028_5.bmp
../database/BMP600/096_3.bmp,096,096_3.bmp
../database/BMP600/015_5.bmp,015,015_5.bmp
../database/BMP600/050_5.bmp,050,050_5.bmp
../database/BMP600/076_6.bmp,076,076_6.bmp
../database/BMP600/033_6.bmp,033,033_6.bmp
../database/BMP600/094_1.bmp,094,094_1.bmp
../database/BMP600/031_4.bmp,031,031_4.bmp
../database/BMP600/074_4.bmp,074,074_4.bmp
../database/BMP600/089_4.bmp,089,089_4.bmp
../database/BMP600/069_1.bmp,069,069_1.bmp
../database/BMP600/069_3.bmp,069,069_3.bmp
../database/BMP600/089_6.bmp,089,089_6.bmp
../database/BMP600/017_5.bmp,017,017_5.bmp
../database/BMP600/052_5.bmp,052,052_5.bmp
../database/BMP600/074_6.bmp,074,074_6.bmp
../database/BMP600/031_6.bmp,031,031_6.bmp
../database/BMP600/094_3.bmp,094,094_3.bmp
../database/BMP600/008_2.bmp,008,008_2.bmp
../database/BMP600/033_4.bmp,033,033_4.bmp
../database/BMP600/076_4.bmp,076,076_4.bmp
../database/BMP600/096_1.bmp,096,096_1.bmp
../database/BMP600/035_2.bmp,035,035_2.bmp
../database/BMP600/070_2.bmp,070,070_2.bmp
../database/BMP600/056_1.bmp,056,056_1.bmp
../database/BMP600/013_1.bmp,013,013_1.bmp
../database/BMP600/049_6.bmp,049,049_6.bmp
../database/BMP600/011_3.bmp,011,011_3.bmp
../database/BMP600/054_3.bmp,054,054_3.bmp
../database/BMP600/092_5.bmp,092,092_5.bmp
../database/BMP600/092_4.bmp,092,092_4.bmp
../database/BMP600/011_2.bmp,011,011_2.bmp
../database/BMP600/054_2.bmp,054,054_2.bmp
../database/BMP600/072_1.bmp,072,072_1.bmp
../database/BMP600/037_1.bmp,037,037_1.bmp
../database/BMP600/090_6.bmp,090,090_6.bmp
../database/BMP600/035_3.bmp,035,035_3.bmp
../database/BMP600/070_3.bmp,070,070_3.bmp
../database/BMP600/028_6.bmp,028,028_6.bmp
../database/BMP600/033_5.bmp,033,033_5.bmp
../database/BMP600/076_5.bmp,076,076_5.bmp
../database/BMP600/050_6.bmp,050,050_6.bmp
../database/BMP600/015_6.bmp,015,015_6.bmp
../database/BMP600/008_3.bmp,008,008_3.bmp
../database/BMP600/094_2.bmp,094,094_2.bmp
../database/BMP600/017_4.bmp,017,017_4.bmp
../database/BMP600/052_4.bmp,052,052_4.bmp
../database/BMP600/069_2.bmp,069,069_2.bmp
../database/BMP600/089_3.bmp,089,089_3.bmp
../database/BMP600/069_6.bmp,069,069_6.bmp
../database/BMP600/094_6.bmp,094,094_6.bmp
../database/BMP600/031_3.bmp,031,031_3.bmp
../database/BMP600/074_3.bmp,074,074_3.bmp
../database/BMP600/096_4.bmp,096,096_4.bmp
../database/BMP600/015_2.bmp,015,015_2.bmp
../database/BMP600/050_2.bmp,050,050_2.bmp
../database/BMP600/076_1.bmp,076,076_1.bmp
../database/BMP600/033_1.bmp,033,033_1.bmp
../database/BMP600/028_2.bmp,028,028_2.bmp
../database/BMP600/090_2.bmp,090,090_2.bmp
../database/BMP600/013_4.bmp,013,013_4.bmp
../database/BMP600/056_4.bmp,056,056_4.bmp
../database/BMP600/049_3.bmp,049,049_3.bmp
../database/BMP600/037_5.bmp,037,037_5.bmp
../database/BMP600/072_5.bmp,072,072_5.bmp
../database/BMP600/054_6.bmp,054,054_6.bmp
../database/BMP600/011_6.bmp,011,011_6.bmp
../database/BMP600/037_4.bmp,037,037_4.bmp
../database/BMP600/072_4.bmp,072,072_4.bmp
../database/BMP600/092_1.bmp,092,092_1.bmp
../database/BMP600/049_2.bmp,049,049_2.bmp
../database/BMP600/013_5.bmp,013,013_5.bmp
../database/BMP600/056_5.bmp,056,056_5.bmp
../database/BMP600/070_6.bmp,070,070_6.bmp
../database/BMP600/035_6.bmp,035,035_6.bmp
../database/BMP600/090_3.bmp,090,090_3.bmp
../database/BMP600/028_3.bmp,028,028_3.bmp
../database/BMP600/015_3.bmp,015,015_3.bmp
../database/BMP600/050_3.bmp,050,050_3.bmp
../database/BMP600/096_5.bmp,096,096_5.bmp
../database/BMP600/008_6.bmp,008,008_6.bmp
../database/BMP600/031_2.bmp,031,031_2.bmp
../database/BMP600/074_2.bmp,074,074_2.bmp
../database/BMP600/052_1.bmp,052,052_1.bmp
../database/BMP600/017_1.bmp,017,017_1.bmp
../database/BMP600/089_2.bmp,089,089_2.bmp
../database/BMP600/069_5.bmp,069,069_5.bmp
../database/BMP600/094_5.bmp,094,094_5.bmp
../database/BMP600/017_3.bmp,017,017_3.bmp
../database/BMP600/052_3.bmp,052,052_3.bmp
../database/BMP600/008_4.bmp,008,008_4.bmp
../database/BMP600/033_2.bmp,033,033_2.bmp
../database/BMP600/076_2.bmp,076,076_2.bmp
../database/BMP600/050_1.bmp,050,050_1.bmp
../database/BMP600/015_1.bmp,015,015_1.bmp
../database/BMP600/028_1.bmp,028,028_1.bmp
../database/BMP600/090_1.bmp,090,090_1.bmp
../database/BMP600/035_4.bmp,035,035_4.bmp
../database/BMP600/070_4.bmp,070,070_4.bmp
../database/BMP600/092_3.bmp,092,092_3.bmp
../database/BMP600/011_5.bmp,011,011_5.bmp
../database/BMP600/054_5.bmp,054,054_5.bmp
../database/BMP600/072_6.bmp,072,072_6.bmp
../database/BMP600/037_6.bmp,037,037_6.bmp
../database/BMP600/011_4.bmp,011,011_4.bmp
../database/BMP600/054_4.bmp,054,054_4.bmp
../database/BMP600/092_2.bmp,092,092_2.bmp
../database/BMP600/049_1.bmp,049,049_1.bmp
../database/BMP600/035_5.bmp,035,035_5.bmp
../database/BMP600/070_5.bmp,070,070_5.bmp
../database/BMP600/056_6.bmp,056,056_6.bmp
../database/BMP600/013_6.bmp,013,013_6.bmp
../database/BMP600/033_3.bmp,033,033_3.bmp
../database/BMP600/076_3.bmp,076,076_3.bmp
../database/BMP600/096_6.bmp,096,096_6.bmp
../database/BMP600/008_5.bmp,008,008_5.bmp
../database/BMP600/017_2.bmp,017,017_2.bmp
../database/BMP600/052_2.bmp,052,052_2.bmp
../database/BMP600/074_1.bmp,074,074_1.bmp
../database/BMP600/031_1.bmp,031,031_1.bmp
../database/BMP600/094_4.bmp,094,094_4.bmp
../database/BMP600/069_4.bmp,069,069_4.bmp
../database/BMP600/089_1.bmp,089,089_1.bmp
../database/BMP600/048_6.bmp,048,048_6.bmp
../database/BMP600/055_3.bmp,055,055_3.bmp
../database/BMP600/010_3.bmp,010,010_3.bmp
../database/BMP600/093_5.bmp,093,093_5.bmp
../database/BMP600/071_2.bmp,071,071_2.bmp
../database/BMP600/034_2.bmp,034,034_2.bmp
../database/BMP600/012_1.bmp,012,012_1.bmp
../database/BMP600/057_1.bmp,057,057_1.bmp
../database/BMP600/009_2.bmp,009,009_2.bmp
../database/BMP600/077_4.bmp,077,077_4.bmp
../database/BMP600/032_4.bmp,032,032_4.bmp
../database/BMP600/097_1.bmp,097,097_1.bmp
../database/BMP600/068_3.bmp,068,068_3.bmp
../database/BMP600/088_6.bmp,088,088_6.bmp
../database/BMP600/053_5.bmp,053,053_5.bmp
../database/BMP600/016_5.bmp,016,016_5.bmp
../database/BMP600/030_6.bmp,030,030_6.bmp
../database/BMP600/075_6.bmp,075,075_6.bmp
../database/BMP600/095_3.bmp,095,095_3.bmp
../database/BMP600/095_2.bmp,095,095_2.bmp
../database/BMP600/053_4.bmp,053,053_4.bmp
../database/BMP600/016_4.bmp,016,016_4.bmp
../database/BMP600/068_2.bmp,068,068_2.bmp
../database/BMP600/077_5.bmp,077,077_5.bmp
../database/BMP600/032_5.bmp,032,032_5.bmp
../database/BMP600/014_6.bmp,014,014_6.bmp
../database/BMP600/051_6.bmp,051,051_6.bmp
../database/BMP600/009_3.bmp,009,009_3.bmp
../database/BMP600/091_6.bmp,091,091_6.bmp
../database/BMP600/071_3.bmp,071,071_3.bmp
../database/BMP600/034_3.bmp,034,034_3.bmp
../database/BMP600/029_6.bmp,029,029_6.bmp
../database/BMP600/093_4.bmp,093,093_4.bmp
../database/BMP600/055_2.bmp,055,055_2.bmp
../database/BMP600/010_2.bmp,010,010_2.bmp
../database/BMP600/036_1.bmp,036,036_1.bmp
../database/BMP600/073_1.bmp,073,073_1.bmp
../database/BMP600/048_5.bmp,048,048_5.bmp
../database/BMP600/073_3.bmp,073,073_3.bmp
../database/BMP600/036_3.bmp,036,036_3.bmp
../database/BMP600/093_6.bmp,093,093_6.bmp
../database/BMP600/029_4.bmp,029,029_4.bmp
../database/BMP600/057_2.bmp,057,057_2.bmp
../database/BMP600/012_2.bmp,012,012_2.bmp
../database/BMP600/034_1.bmp,034,034_1.bmp
../database/BMP600/071_1.bmp,071,071_1.bmp
../database/BMP600/091_4.bmp,091,091_4.bmp
../database/BMP600/009_1.bmp,009,009_1.bmp
../database/BMP600/051_4.bmp,051,051_4.bmp
../database/BMP600/014_4.bmp,014,014_4.bmp
../database/BMP600/097_2.bmp,097,097_2.bmp
../database/BMP600/088_5.bmp,088,088_5.bmp
../database/BMP600/075_5.bmp,075,075_5.bmp
../database/BMP600/030_5.bmp,030,030_5.bmp
../database/BMP600/016_6.bmp,016,016_6.bmp
../database/BMP600/053_6.bmp,053,053_6.bmp
../database/BMP600/095_1.bmp,095,095_1.bmp
../database/BMP600/075_4.bmp,075,075_4.bmp
../database/BMP600/030_4.bmp,030,030_4.bmp
../database/BMP600/088_4.bmp,088,088_4.bmp
../database/BMP600/068_1.bmp,068,068_1.bmp
../database/BMP600/097_3.bmp,097,097_3.bmp
../database/BMP600/051_5.bmp,051,051_5.bmp
../database/BMP600/014_5.bmp,014,014_5.bmp
../database/BMP600/032_6.bmp,032,032_6.bmp
../database/BMP600/077_6.bmp,077,077_6.bmp
../database/BMP600/091_5.bmp,091,091_5.bmp
../database/BMP600/057_3.bmp,057,057_3.bmp
../database/BMP600/012_3.bmp,012,012_3.bmp
../database/BMP600/029_5.bmp,029,029_5.bmp
../database/BMP600/073_2.bmp,073,073_2.bmp
../database/BMP600/036_2.bmp,036,036_2.bmp
../database/BMP600/010_1.bmp,010,010_1.bmp
../database/BMP600/055_1.bmp,055,055_1.bmp
../database/BMP600/048_4.bmp,048,048_4.bmp
../database/BMP600/093_3.bmp,093,093_3.bmp
../database/BMP600/055_5.bmp,055,055_5.bmp
../database/BMP600/010_5.bmp,010,010_5.bmp
../database/BMP600/036_6.bmp,036,036_6.bmp
../database/BMP600/073_6.bmp,073,073_6.bmp
../database/BMP600/029_1.bmp,029,029_1.bmp
../database/BMP600/091_1.bmp,091,091_1.bmp
../database/BMP600/071_4.bmp,071,071_4.bmp
../database/BMP600/034_4.bmp,034,034_4.bmp
../database/BMP600/009_4.bmp,009,009_4.bmp
../database/BMP600/077_2.bmp,077,077_2.bmp
../database/BMP600/032_2.bmp,032,032_2.bmp
../database/BMP600/014_1.bmp,014,014_1.bmp
../database/BMP600/051_1.bmp,051,051_1.bmp
../database/BMP600/068_5.bmp,068,068_5.bmp
../database/BMP600/095_5.bmp,095,095_5.bmp
../database/BMP600/053_3.bmp,053,053_3.bmp
../database/BMP600/016_3.bmp,016,016_3.bmp
../database/BMP600/053_2.bmp,053,053_2.bmp
../database/BMP600/016_2.bmp,016,016_2.bmp
../database/BMP600/030_1.bmp,030,030_1.bmp
../database/BMP600/075_1.bmp,075,075_1.bmp
../database/BMP600/095_4.bmp,095,095_4.bmp
../database/BMP600/068_4.bmp,068,068_4.bmp
../database/BMP600/088_1.bmp,088,088_1.bmp
../database/BMP600/077_3.bmp,077,077_3.bmp
../database/BMP600/032_3.bmp,032,032_3.bmp
../database/BMP600/097_6.bmp,097,097_6.bmp
../database/BMP600/009_5.bmp,009,009_5.bmp
../database/BMP600/071_5.bmp,071,071_5.bmp
../database/BMP600/034_5.bmp,034,034_5.bmp
../database/BMP600/012_6.bmp,012,012_6.bmp
../database/BMP600/057_6.bmp,057,057_6.bmp
../database/BMP600/055_4.bmp,055,055_4.bmp
../database/BMP600/010_4.bmp,010,010_4.bmp
../database/BMP600/093_2.bmp,093,093_2.bmp
../database/BMP600/048_1.bmp,048,048_1.bmp
../database/BMP600/048_3.bmp,048,048_3.bmp
../database/BMP600/073_5.bmp,073,073_5.bmp
../database/BMP600/036_5.bmp,036,036_5.bmp
../database/BMP600/010_6.bmp,010,010_6.bmp
../database/BMP600/055_6.bmp,055,055_6.bmp
../database/BMP600/029_2.bmp,029,029_2.bmp
../database/BMP600/091_2.bmp,091,091_2.bmp
../database/BMP600/057_4.bmp,057,057_4.bmp
../database/BMP600/012_4.bmp,012,012_4.bmp
../database/BMP600/097_4.bmp,097,097_4.bmp
../database/BMP600/051_2.bmp,051,051_2.bmp
../database/BMP600/014_2.bmp,014,014_2.bmp
../database/BMP600/032_1.bmp,032,032_1.bmp
../database/BMP600/077_1.bmp,077,077_1.bmp
../database/BMP600/088_3.bmp,088,088_3.bmp
../database/BMP600/068_6.bmp,068,068_6.bmp
../database/BMP600/095_6.bmp,095,095_6.bmp
../database/BMP600/075_3.bmp,075,075_3.bmp
../database/BMP600/030_3.bmp,030,030_3.bmp
../database/BMP600/075_2.bmp,075,075_2.bmp
../database/BMP600/030_2.bmp,030,030_2.bmp
../database/BMP600/016_1.bmp,016,016_1.bmp
../database/BMP600/053_1.bmp,053,053_1.bmp
../database/BMP600/088_2.bmp,088,088_2.bmp
../database/BMP600/051_3.bmp,051,051_3.bmp
../database/BMP600/014_3.bmp,014,014_3.bmp
../database/BMP600/097_5.bmp,097,097_5.bmp
../database/BMP600/009_6.bmp,009,009_6.bmp
../database/BMP600/057_5.bmp,057,057_5.bmp
../database/BMP600/012_5.bmp,012,012_5.bmp
../database/BMP600/034_6.bmp,034,034_6.bmp
../database/BMP600/071_6.bmp,071,071_6.bmp
../database/BMP600/091_3.bmp,091,091_3.bmp
../database/BMP600/029_3.bmp,029,029_3.bmp
../database/BMP600/073_4.bmp,073,073_4.bmp
../database/BMP600/036_4.bmp,036,036_4.bmp
../database/BMP600/093_1.bmp,093,093_1.bmp
../database/BMP600/048_2.bmp,048,048_2.bmp
../database/BMP600/038_6.bmp,038,038_6.bmp
../database/BMP600/080_6.bmp,080,080_6.bmp
../database/BMP600/025_3.bmp,025,025_3.bmp
../database/BMP600/060_3.bmp,060,060_3.bmp
../database/BMP600/082_4.bmp,082,082_4.bmp
../database/BMP600/062_1.bmp,062,062_1.bmp
../database/BMP600/027_1.bmp,027,027_1.bmp
../database/BMP600/001_2.bmp,001,001_2.bmp
../database/BMP600/044_2.bmp,044,044_2.bmp
../database/BMP600/079_2.bmp,079,079_2.bmp
../database/BMP600/084_2.bmp,084,084_2.bmp
../database/BMP600/007_4.bmp,007,007_4.bmp
../database/BMP600/042_4.bmp,042,042_4.bmp
../database/BMP600/018_3.bmp,018,018_3.bmp
../database/BMP600/040_6.bmp,040,040_6.bmp
../database/BMP600/005_6.bmp,005,005_6.bmp
../database/BMP600/023_5.bmp,023,023_5.bmp
../database/BMP600/066_5.bmp,066,066_5.bmp
../database/BMP600/023_4.bmp,023,023_4.bmp
../database/BMP600/066_4.bmp,066,066_4.bmp
../database/BMP600/086_1.bmp,086,086_1.bmp
../database/BMP600/018_2.bmp,018,018_2.bmp
../database/BMP600/064_6.bmp,064,064_6.bmp
../database/BMP600/021_6.bmp,021,021_6.bmp
../database/BMP600/007_5.bmp,007,007_5.bmp
../database/BMP600/042_5.bmp,042,042_5.bmp
../database/BMP600/084_3.bmp,084,084_3.bmp
../database/BMP600/079_3.bmp,079,079_3.bmp
../database/BMP600/099_6.bmp,099,099_6.bmp
../database/BMP600/001_3.bmp,001,001_3.bmp
../database/BMP600/044_3.bmp,044,044_3.bmp
../database/BMP600/082_5.bmp,082,082_5.bmp
../database/BMP600/059_6.bmp,059,059_6.bmp
../database/BMP600/046_1.bmp,046,046_1.bmp
../database/BMP600/003_1.bmp,003,003_1.bmp
../database/BMP600/025_2.bmp,025,025_2.bmp
../database/BMP600/060_2.bmp,060,060_2.bmp
../database/BMP600/038_5.bmp,038,038_5.bmp
../database/BMP600/080_5.bmp,080,080_5.bmp
../database/BMP600/003_3.bmp,003,003_3.bmp
../database/BMP600/046_3.bmp,046,046_3.bmp
../database/BMP600/059_4.bmp,059,059_4.bmp
../database/BMP600/044_1.bmp,044,044_1.bmp
../database/BMP600/001_1.bmp,001,001_1.bmp
../database/BMP600/027_2.bmp,027,027_2.bmp
../database/BMP600/062_2.bmp,062,062_2.bmp
../database/BMP600/099_4.bmp,099,099_4.bmp
../database/BMP600/079_1.bmp,079,079_1.bmp
../database/BMP600/084_1.bmp,084,084_1.bmp
../database/BMP600/021_4.bmp,021,021_4.bmp
../database/BMP600/064_4.bmp,064,064_4.bmp
../database/BMP600/086_3.bmp,086,086_3.bmp
../database/BMP600/066_6.bmp,066,066_6.bmp
../database/BMP600/023_6.bmp,023,023_6.bmp
../database/BMP600/005_5.bmp,005,005_5.bmp
../database/BMP600/040_5.bmp,040,040_5.bmp
../database/BMP600/005_4.bmp,005,005_4.bmp
../database/BMP600/040_4.bmp,040,040_4.bmp
../database/BMP600/086_2.bmp,086,086_2.bmp
../database/BMP600/018_1.bmp,018,018_1.bmp
../database/BMP600/042_6.bmp,042,042_6.bmp
../database/BMP600/007_6.bmp,007,007_6.bmp
../database/BMP600/021_5.bmp,021,021_5.bmp
../database/BMP600/064_5.bmp,064,064_5.bmp
../database/BMP600/099_5.bmp,099,099_5.bmp
../database/BMP600/027_3.bmp,027,027_3.bmp
../database/BMP600/062_3.bmp,062,062_3.bmp
../database/BMP600/082_6.bmp,082,082_6.bmp
../database/BMP600/059_5.bmp,059,059_5.bmp
../database/BMP600/060_1.bmp,060,060_1.bmp
../database/BMP600/025_1.bmp,025,025_1.bmp
../database/BMP600/003_2.bmp,003,003_2.bmp
../database/BMP600/046_2.bmp,046,046_2.bmp
../database/BMP600/080_4.bmp,080,080_4.bmp
../database/BMP600/038_4.bmp,038,038_4.bmp
../database/BMP600/046_6.bmp,046,046_6.bmp
../database/BMP600/003_6.bmp,003,003_6.bmp
../database/BMP600/025_5.bmp,025,025_5.bmp
../database/BMP600/060_5.bmp,060,060_5.bmp
../database/BMP600/059_1.bmp,059,059_1.bmp
../database/BMP600/001_4.bmp,001,001_4.bmp
../database/BMP600/044_4.bmp,044,044_4.bmp
../database/BMP600/082_2.bmp,082,082_2.bmp
../database/BMP600/079_4.bmp,079,079_4.bmp
../database/BMP600/099_1.bmp,099,099_1.bmp
../database/BMP600/064_1.bmp,064,064_1.bmp
../database/BMP600/021_1.bmp,021,021_1.bmp
../database/BMP600/007_2.bmp,007,007_2.bmp
../database/BMP600/042_2.bmp,042,042_2.bmp
../database/BMP600/084_4.bmp,084,084_4.bmp
../database/BMP600/018_5.bmp,018,018_5.bmp
../database/BMP600/023_3.bmp,023,023_3.bmp
../database/BMP600/066_3.bmp,066,066_3.bmp
../database/BMP600/086_6.bmp,086,086_6.bmp
../database/BMP600/040_1.bmp,040,040_1.bmp
../database/BMP600/005_1.bmp,005,005_1.bmp
../database/BMP600/023_2.bmp,023,023_2.bmp
../database/BMP600/066_2.bmp,066,066_2.bmp
../database/BMP600/018_4.bmp,018,018_4.bmp
../database/BMP600/084_5.bmp,084,084_5.bmp
../database/BMP600/007_3.bmp,007,007_3.bmp
../database/BMP600/042_3.bmp,042,042_3.bmp
../database/BMP600/079_5.bmp,079,079_5.bmp
../database/BMP600/082_3.bmp,082,082_3.bmp
../database/BMP600/062_6.bmp,062,062_6.bmp
../database/BMP600/027_6.bmp,027,027_6.bmp
../database/BMP600/001_5.bmp,001,001_5.bmp
../database/BMP600/044_5.bmp,044,044_5.bmp
../database/BMP600/080_1.bmp,080,080_1.bmp
../database/BMP600/025_4.bmp,025,025_4.bmp
../database/BMP600/060_4.bmp,060,060_4.bmp
../database/BMP600/038_1.bmp,038,038_1.bmp
../database/BMP600/038_3.bmp,038,038_3.bmp
../database/BMP600/060_6.bmp,060,060_6.bmp
../database/BMP600/025_6.bmp,025,025_6.bmp
../database/BMP600/003_5.bmp,003,003_5.bmp
../database/BMP600/046_5.bmp,046,046_5.bmp
../database/BMP600/080_3.bmp,080,080_3.bmp
../database/BMP600/059_2.bmp,059,059_2.bmp
../database/BMP600/027_4.bmp,027,027_4.bmp
../database/BMP600/062_4.bmp,062,062_4.bmp
../database/BMP600/082_1.bmp,082,082_1.bmp
../database/BMP600/099_2.bmp,099,099_2.bmp
../database/BMP600/042_1.bmp,042,042_1.bmp
../database/BMP600/007_1.bmp,007,007_1.bmp
../database/BMP600/021_2.bmp,021,021_2.bmp
../database/BMP600/064_2.bmp,064,064_2.bmp
../database/BMP600/018_6.bmp,018,018_6.bmp
../database/BMP600/005_3.bmp,005,005_3.bmp
../database/BMP600/040_3.bmp,040,040_3.bmp
../database/BMP600/086_5.bmp,086,086_5.bmp
../database/BMP600/086_4.bmp,086,086_4.bmp
../database/BMP600/066_1.bmp,066,066_1.bmp
../database/BMP600/023_1.bmp,023,023_1.bmp
../database/BMP600/005_2.bmp,005,005_2.bmp
../database/BMP600/040_2.bmp,040,040_2.bmp
../database/BMP600/084_6.bmp,084,084_6.bmp
../database/BMP600/021_3.bmp,021,021_3.bmp
../database/BMP600/064_3.bmp,064,064_3.bmp
../database/BMP600/099_3.bmp,099,099_3.bmp
../database/BMP600/079_6.bmp,079,079_6.bmp
../database/BMP600/044_6.bmp,044,044_6.bmp
../database/BMP600/001_6.bmp,001,001_6.bmp
../database/BMP600/027_5.bmp,027,027_5.bmp
../database/BMP600/062_5.bmp,062,062_5.bmp
../database/BMP600/059_3.bmp,059,059_3.bmp
../database/BMP600/080_2.bmp,080,080_2.bmp
../database/BMP600/003_4.bmp,003,003_4.bmp
../database/BMP600/046_4.bmp,046,046_4.bmp
../database/BMP600/038_2.bmp,038,038_2.bmp
../database/BMP600/087_3.bmp,087,087_3.bmp
../database/BMP600/022_6.bmp,022,022_6.bmp
../database/BMP600/067_6.bmp,067,067_6.bmp
../database/BMP600/041_5.bmp,041,041_5.bmp
../database/BMP600/004_5.bmp,004,004_5.bmp
../database/BMP600/098_4.bmp,098,098_4.bmp
../database/BMP600/078_1.bmp,078,078_1.bmp
../database/BMP600/085_1.bmp,085,085_1.bmp
../database/BMP600/065_4.bmp,065,065_4.bmp
../database/BMP600/020_4.bmp,020,020_4.bmp
../database/BMP600/058_4.bmp,058,058_4.bmp
../database/BMP600/045_1.bmp,045,045_1.bmp
../database/BMP600/063_2.bmp,063,063_2.bmp
../database/BMP600/026_2.bmp,026,026_2.bmp
../database/BMP600/039_5.bmp,039,039_5.bmp
../database/BMP600/081_5.bmp,081,081_5.bmp
../database/BMP600/047_3.bmp,047,047_3.bmp
../database/BMP600/002_3.bmp,002,002_3.bmp
../database/BMP600/100_4.bmp,100,100_4.bmp
../database/BMP600/100_5.bmp,100,100_5.bmp
../database/BMP600/024_1.bmp,024,024_1.bmp
../database/BMP600/061_1.bmp,061,061_1.bmp
../database/BMP600/047_2.bmp,047,047_2.bmp
../database/BMP600/002_2.bmp,002,002_2.bmp
../database/BMP600/081_4.bmp,081,081_4.bmp
../database/BMP600/039_4.bmp,039,039_4.bmp
../database/BMP600/063_3.bmp,063,063_3.bmp
../database/BMP600/026_3.bmp,026,026_3.bmp
../database/BMP600/083_6.bmp,083,083_6.bmp
../database/BMP600/058_5.bmp,058,058_5.bmp
../database/BMP600/006_6.bmp,006,006_6.bmp
../database/BMP600/043_6.bmp,043,043_6.bmp
../database/BMP600/065_5.bmp,065,065_5.bmp
../database/BMP600/020_5.bmp,020,020_5.bmp
../database/BMP600/098_5.bmp,098,098_5.bmp
../database/BMP600/041_4.bmp,041,041_4.bmp
../database/BMP600/004_4.bmp,004,004_4.bmp
../database/BMP600/087_2.bmp,087,087_2.bmp
../database/BMP600/019_1.bmp,019,019_1.bmp
../database/BMP600/019_3.bmp,019,019_3.bmp
../database/BMP600/004_6.bmp,004,004_6.bmp
../database/BMP600/041_6.bmp,041,041_6.bmp
../database/BMP600/067_5.bmp,067,067_5.bmp
../database/BMP600/022_5.bmp,022,022_5.bmp
../database/BMP600/078_2.bmp,078,078_2.bmp
../database/BMP600/085_2.bmp,085,085_2.bmp
../database/BMP600/043_4.bmp,043,043_4.bmp
../database/BMP600/006_4.bmp,006,006_4.bmp
../database/BMP600/083_4.bmp,083,083_4.bmp
../database/BMP600/026_1.bmp,026,026_1.bmp
../database/BMP600/063_1.bmp,063,063_1.bmp
../database/BMP600/045_2.bmp,045,045_2.bmp
../database/BMP600/039_6.bmp,039,039_6.bmp
../database/BMP600/081_6.bmp,081,081_6.bmp
../database/BMP600/061_3.bmp,061,061_3.bmp
../database/BMP600/024_3.bmp,024,024_3.bmp
../database/BMP600/002_1.bmp,002,002_1.bmp
../database/BMP600/047_1.bmp,047,047_1.bmp
../database/BMP600/061_2.bmp,061,061_2.bmp
../database/BMP600/100_6.bmp,100,100_6.bmp
../database/BMP600/024_2.bmp,024,024_2.bmp
../database/BMP600/045_3.bmp,045,045_3.bmp
../database/BMP600/083_5.bmp,083,083_5.bmp
../database/BMP600/058_6.bmp,058,058_6.bmp
../database/BMP600/020_6.bmp,020,020_6.bmp
../database/BMP600/065_6.bmp,065,065_6.bmp
../database/BMP600/043_5.bmp,043,043_5.bmp
../database/BMP600/006_5.bmp,006,006_5.bmp
../database/BMP600/085_3.bmp,085,085_3.bmp
../database/BMP600/078_3.bmp,078,078_3.bmp
../database/BMP600/098_6.bmp,098,098_6.bmp
../database/BMP600/067_4.bmp,067,067_4.bmp
../database/BMP600/022_4.bmp,022,022_4.bmp
../database/BMP600/087_1.bmp,087,087_1.bmp
../database/BMP600/019_2.bmp,019,019_2.bmp
../database/BMP600/019_6.bmp,019,019_6.bmp
../database/BMP600/041_3.bmp,041,041_3.bmp
../database/BMP600/004_3.bmp,004,004_3.bmp
../database/BMP600/087_5.bmp,087,087_5.bmp
../database/BMP600/098_2.bmp,098,098_2.bmp
../database/BMP600/006_1.bmp,006,006_1.bmp
../database/BMP600/043_1.bmp,043,043_1.bmp
../database/BMP600/065_2.bmp,065,065_2.bmp
../database/BMP600/020_2.bmp,020,020_2.bmp
../database/BMP600/058_2.bmp,058,058_2.bmp
../database/BMP600/063_4.bmp,063,063_4.bmp
../database/BMP600/026_4.bmp,026,026_4.bmp
../database/BMP600/083_1.bmp,083,083_1.bmp
../database/BMP600/039_3.bmp,039,039_3.bmp
../database/BMP600/024_6.bmp,024,024_6.bmp
../database/BMP600/100_2.bmp,100,100_2.bmp
../database/BMP600/061_6.bmp,061,061_6.bmp
../database/BMP600/047_5.bmp,047,047_5.bmp
../database/BMP600/002_5.bmp,002,002_5.bmp
../database/BMP600/081_3.bmp,081,081_3.bmp
../database/BMP600/081_2.bmp,081,081_2.bmp
../database/BMP600/047_4.bmp,047,047_4.bmp
../database/BMP600/002_4.bmp,002,002_4.bmp
../database/BMP600/100_3.bmp,100,100_3.bmp
../database/BMP600/039_2.bmp,039,039_2.bmp
../database/BMP600/045_6.bmp,045,045_6.bmp
../database/BMP600/063_5.bmp,063,063_5.bmp
../database/BMP600/026_5.bmp,026,026_5.bmp
../database/BMP600/058_3.bmp,058,058_3.bmp
../database/BMP600/085_6.bmp,085,085_6.bmp
../database/BMP600/065_3.bmp,065,065_3.bmp
../database/BMP600/020_3.bmp,020,020_3.bmp
../database/BMP600/098_3.bmp,098,098_3.bmp
../database/BMP600/078_6.bmp,078,078_6.bmp
../database/BMP600/087_4.bmp,087,087_4.bmp
../database/BMP600/022_1.bmp,022,022_1.bmp
../database/BMP600/067_1.bmp,067,067_1.bmp
../database/BMP600/041_2.bmp,041,041_2.bmp
../database/BMP600/004_2.bmp,004,004_2.bmp
../database/BMP600/019_5.bmp,019,019_5.bmp
../database/BMP600/067_3.bmp,067,067_3.bmp
../database/BMP600/022_3.bmp,022,022_3.bmp
../database/BMP600/087_6.bmp,087,087_6.bmp
../database/BMP600/078_4.bmp,078,078_4.bmp
../database/BMP600/098_1.bmp,098,098_1.bmp
../database/BMP600/020_1.bmp,020,020_1.bmp
../database/BMP600/065_1.bmp,065,065_1.bmp
../database/BMP600/043_2.bmp,043,043_2.bmp
../database/BMP600/006_2.bmp,006,006_2.bmp
../database/BMP600/085_4.bmp,085,085_4.bmp
../database/BMP600/058_1.bmp,058,058_1.bmp
../database/BMP600/045_4.bmp,045,045_4.bmp
../database/BMP600/083_2.bmp,083,083_2.bmp
../database/BMP600/002_6.bmp,002,002_6.bmp
../database/BMP600/047_6.bmp,047,047_6.bmp
../database/BMP600/061_5.bmp,061,061_5.bmp
../database/BMP600/024_5.bmp,024,024_5.bmp
../database/BMP600/100_1.bmp,100,100_1.bmp
../database/BMP600/081_1.bmp,081,081_1.bmp
../database/BMP600/061_4.bmp,061,061_4.bmp
../database/BMP600/024_4.bmp,024,024_4.bmp
../database/BMP600/039_1.bmp,039,039_1.bmp
../database/BMP600/083_3.bmp,083,083_3.bmp
../database/BMP600/026_6.bmp,026,026_6.bmp
../database/BMP600/063_6.bmp,063,063_6.bmp
../database/BMP600/045_5.bmp,045,045_5.bmp
../database/BMP600/085_5.bmp,085,085_5.bmp
../database/BMP600/043_3.bmp,043,043_3.bmp
../database/BMP600/006_3.bmp,006,006_3.bmp
../database/BMP600/078_5.bmp,078,078_5.bmp
../database/BMP600/004_1.bmp,004,004_1.bmp
../database/BMP600/041_1.bmp,041,041_1.bmp
../database/BMP600/067_2.bmp,067,067_2.bmp
../database/BMP600/022_2.bmp,022,022_2.bmp
../database/BMP600/019_4.bmp,019,019_4.bmp